Name,Brand,URL,Image,Score/Users
Naxos,XerJoff,https://www.parfumo.com/Perfumes/Xerjoff/naxos,https://pimages.parfumo.de/240/58692_img-1269-xerjoff-xj_1861_naxos_240.jpg,8.9 8647
Alexandria II  Parfum,XerJoff,https://www.parfumo.com/Perfumes/Xerjoff/alexandria-ii-parfum,https://pimages.parfumo.de/240/55381_img-2106-xerjoff-alexandria-ii-parfum_240.jpg,8.7 4605
Oud Wood  Eau de Parfum,Tom Ford,https://www.parfumo.com/Perfumes/Tom_Ford/Oud_Wood_Eau_de_Parfum,https://pimages.parfumo.de/240/3840_img-6645-tom_ford-oud_wood_eau_de_parfum_240.jpg,8.5 5187
Herod,Parfums de Marly,https://www.parfumo.com/Perfumes/Parfums_de_Marly/Royal_Essence_Herod,https://pimages.parfumo.de/240/21903_img-1776-parfums-de-marly-herod_240.jpg,8.6 4398
Grand Soir,Maison Francis Kurkdjian,https://www.parfumo.com/Perfumes/Maison_Francis_Kurkdjian/Grand_Soir,https://pimages.parfumo.de/240/76321_img-5647-maison_francis_kurkdjian-grand_soir_240.jpg,8.5 4481
Angels' Share,Kilian,https://www.parfumo.com/Perfumes/Kilian/angels-share,https://pimages.parfumo.de/240/142773_img-8130-kilian-angels-share_240.jpg,8.7 3433
London,Widian / AJ Arabia,https://www.parfumo.com/Perfumes/Widian/london,https://pimages.parfumo.de/240/100658_img-9848-widian-aj-arabia-sapphire-collection-london_240.jpg,9.0 2393
40 Knots,XerJoff,https://www.parfumo.com/Perfumes/Xerjoff/40-knots,https://pimages.parfumo.de/240/20666_img-6310-xerjoff-40-knots_240.jpg,8.5 3640
Tobacco Vanille  Eau de Parfum,Tom Ford,https://www.parfumo.com/Perfumes/Tom_Ford/Tobacco_Vanille_Eau_de_Parfum,https://pimages.parfumo.de/240/3842_img-7268-tom-ford-tobacco-vanille-eau-de-parfum_240.jpg,8.3 4399
Torino21,XerJoff,https://www.parfumo.com/Perfumes/Xerjoff/torino21,https://pimages.parfumo.de/240/155148_img-7611-xerjoff-join-the-club-torino21_240.jpg,8.6 3137
Side Effect,Initio,https://www.parfumo.com/Perfumes/Initio/Side_Effect,https://pimages.parfumo.de/240/81846_img-2353-initio-side-effect_240.jpg,8.6 2866
Ombre Nomade,Louis Vuitton,https://www.parfumo.com/Perfumes/Louis_Vuitton/Ombre_Nomade,https://pimages.parfumo.de/240/109045_img-4069-louis_vuitton-ombre_nomade_240.jpg,8.2 4036
Accento,XerJoff,https://www.parfumo.com/Perfumes/Xerjoff/Accento,https://pimages.parfumo.de/240/16347_img-4803-xerjoff-accento_240.jpg,8.2 3799
Oajan,Parfums de Marly,https://www.parfumo.com/Perfumes/Parfums_de_Marly/Royal_Essence_Oajan,https://pimages.parfumo.de/240/33851_img-6293-parfums-de-marly-oajan_240.jpg,8.5 2423
Tony Iommi Monkey Special,XerJoff,https://www.parfumo.com/Perfumes/Xerjoff/tony-iommi-monkey-special,https://pimages.parfumo.de/240/156277_img-7508-xerjoff-tony-iommi-monkey-special_240.jpg,8.5 2491
Ombré Leather (2018)  Eau de Parfum,Tom Ford,https://www.parfumo.com/Perfumes/Tom_Ford/ombre-leather-2018-eau-de-parfum,https://pimages.parfumo.de/240/112373_img-3918-tom_ford-ombre_leather_2018_240.jpg,8.3 2808
Casamorati - Lira  Eau de Parfum,XerJoff,https://www.parfumo.com/Perfumes/Xerjoff/Lira,https://pimages.parfumo.de/240/11824_img-3483-xerjoff-casamorati-lira_240.jpg,8.5 2375
Afternoon Swim,Louis Vuitton,https://www.parfumo.com/Perfumes/Louis_Vuitton/Afternoon_Swim,https://pimages.parfumo.de/240/123923_img-7281-louis-vuitton-afternoon-swim_240.jpg,8.6 2233
Lost Cherry  Eau de Parfum,Tom Ford,https://www.parfumo.com/Perfumes/Tom_Ford/Lost_Cherry,https://pimages.parfumo.de/240/115898_img-7080-tom-ford-lost-cherry-eau-de-parfum_240.jpg,8.3 2845
Uden,XerJoff,https://www.parfumo.com/Perfumes/Xerjoff/uden,https://pimages.parfumo.de/240/4249_img-1489-xerjoff-shooting_stars__uden_240.jpg,8.6 2097
Baccarat Rouge 540  Eau de Parfum,Maison Francis Kurkdjian,https://www.parfumo.com/Perfumes/Maison_Francis_Kurkdjian/Baccarat_Rouge_540_Eau_de_Parfum,https://pimages.parfumo.de/240/67720_img-6868-maison_francis_kurkdjian-baccarat_rouge_540_eau_de_parfum_240.jpg,7.8 4122
Ambre Nuit  Eau de Parfum,Dior,https://www.parfumo.com/Perfumes/Dior/ambre-nuit-eau-de-parfum,https://pimages.parfumo.de/240/4564_img-6481-dior-ambre-nuit_240.jpg,8.4 2275
Ani  Extrait de Parfum,Nishane,https://www.parfumo.com/Perfumes/Nishane/Ani,https://pimages.parfumo.de/240/128054_img-1932-nishane-ani_240.jpg,8.3 2567
Erba Pura,XerJoff,https://www.parfumo.com/Perfumes/Xerjoff/Erba_Pura,https://pimages.parfumo.de/240/24683_img-3648-xerjoff-erba_pura_240.jpg,7.6 4995
Baccarat Rouge 540  Extrait de Parfum,Maison Francis Kurkdjian,https://www.parfumo.com/Perfumes/Maison_Francis_Kurkdjian/Baccarat_Rouge_540_Extrait_de_Parfum,https://pimages.parfumo.de/240/92201_img-2430-maison_francis_kurkdjian-baccarat_rouge_540_extrait_de_parfum_240.jpg,8.3 2498
Virgin Island Water,Creed,https://www.parfumo.com/Perfumes/Creed/Virgin_Island_Water,https://pimages.parfumo.de/240/1843_img-3032-creed-virgin_island_water_240.jpg,8.3 2577
Oud Satin Mood  Eau de Parfum,Maison Francis Kurkdjian,https://www.parfumo.com/Perfumes/Maison_Francis_Kurkdjian/Oud_Satin_Mood_Eau_de_Parfum,https://pimages.parfumo.de/240/57947_img-4060-maison_francis_kurkdjian-oud_satin_mood_eau_de_parfum_240.jpg,8.2 2747
Oud for Greatness  Eau de Parfum,Initio,https://www.parfumo.com/Perfumes/Initio/oud-for-greatness-eau-de-parfum,https://pimages.parfumo.de/240/116727_img-3622-initio-oud-for-greatness_240.jpg,8.3 2478
Carlisle,Parfums de Marly,https://www.parfumo.com/Perfumes/Parfums_de_Marly/Carlisle,https://pimages.parfumo.de/240/67786_img-6807-parfums-de-marly-carlisle_240.jpg,8.4 2175
Wūlóng Chá  Extrait de Parfum,Nishane,https://www.parfumo.com/Perfumes/Nishane/Wlng_Cha,https://pimages.parfumo.de/240/56932_img-2975-nishane-wulong-cha_240.jpg,8.2 2421
Angélique Noire,Guerlain,https://www.parfumo.com/Perfumes/Guerlain/Angelique_Noire,https://pimages.parfumo.de/240/1761_img-4138-guerlain-angelique-noire_240.jpg,8.6 1763
Nefs,Nishane,https://www.parfumo.com/Perfumes/Nishane/Nefs,https://pimages.parfumo.de/240/128600_img-9784-nishane-nefs_240.jpg,8.9 1367
XXI: Art Deco - Blonde Amber,Clive Christian,https://www.parfumo.com/Perfumes/Clive_Christian/xxi-art-deco-blonde-amber,https://pimages.parfumo.de/240/169035_img-6593-clive-christian-noble-xxi-art-deco-blonde-amber_240.jpg,8.9 1246
Fucking Fabulous  Eau de Parfum,Tom Ford,https://www.parfumo.com/Perfumes/Tom_Ford/Fucking_Fabulous,https://pimages.parfumo.de/240/94428_img-8570-tom_ford-fucking_fabulous_240.jpg,8.0 2827
Tuscan Leather  Eau de Parfum,Tom Ford,https://www.parfumo.com/Perfumes/Tom_Ford/Tuscan_Leather_Eau_de_Parfum,https://pimages.parfumo.de/240/3843_img-5500-tom_ford-tuscan_leather_eau_de_parfum_240.jpg,8.3 2179
Salam,Anfas,https://www.parfumo.com/Perfumes/Anfas/Salam,https://pimages.parfumo.de/240/45855_img-3382-anfas_anfass-salam_240.jpg,8.7 1450
Khamrah,Lattafa / لطافة,https://www.parfumo.com/Perfumes/Lattafa/khamrah,https://pimages.parfumo.de/240/170634_img-7789-lattafa-khamrah_240.jpg,8.1 2468
№ 02 - L'Air du Désert Marocain  Eau de Toilette Intense,Tauer Perfumes,https://www.parfumo.com/Perfumes/Tauer/no-02-l-air-du-desert-marocain-eau-de-toilette-intense,https://pimages.parfumo.de/240/2529_img-5743-tauer_perfumes-no_02__l_air_du_desert_marocain_240.jpg,8.5 1717
Arabians Tonka,Montale,https://www.parfumo.com/Perfumes/Montale/arabians-tonka,https://pimages.parfumo.de/240/132833_img-1900-montale-arabians-tonka_240.jpg,8.0 2632
By the Fireplace,Maison Margiela,https://www.parfumo.com/Perfumes/Maison_Margiela/by-the-fireplace,https://pimages.parfumo.de/240/62178_img-4231-maison-margiela-replica-by-the-fireplace_240.jpg,7.9 2846
Cuir Béluga,Guerlain,https://www.parfumo.com/Perfumes/Guerlain/cuir-beluga,https://pimages.parfumo.de/240/3381_img-4472-guerlain-cuir-beluga_240.jpg,8.5 1661
Black Afgano  Extrait de Parfum,Nasomatto,https://www.parfumo.com/Perfumes/Nasomatto/Black_Afgano,https://pimages.parfumo.de/240/3307_img-1411-nasomatto-black_afgano_extrait_de_parfum_240.jpg,8.1 2294
Gris Charnel  Eau de Parfum,bdk Parfums,https://www.parfumo.com/Perfumes/bdk_Parfums/gris-charnel-eau-de-parfum,https://pimages.parfumo.de/240/133334_img-4442-bdk-parfums-gris-charnel_240.jpg,8.3 2016
Ganymede  Eau de Parfum,Marc-Antoine Barrois,https://www.parfumo.com/Perfumes/Marc_Antoine_Barrois/ganymede-eau-de-parfum,https://pimages.parfumo.de/240/125953_img-9503-marc-antoine-barrois-ganymede-eau-de-parfum_240.jpg,8.1 2396
Gentle Fluidity (Silver),Maison Francis Kurkdjian,https://www.parfumo.com/Perfumes/Maison_Francis_Kurkdjian/gentle-fluidity-silver,https://pimages.parfumo.de/240/121487_img-2159-maison_francis_kurkdjian-gentle_fluidity_240.jpg,8.2 2141
Pegasus,Parfums de Marly,https://www.parfumo.com/Perfumes/Parfums_de_Marly/Pegasus,https://pimages.parfumo.de/240/19487_img-5204-parfums_de_marly-pegasus_240.jpg,8.0 2580
Amber Star,XerJoff,https://www.parfumo.com/Perfumes/Xerjoff/amber-star,https://pimages.parfumo.de/240/33185_img-5376-xerjoff-shooting_stars__amber_star_240.jpg,8.6 1404
Détour Noir,Al Haramain / الحرمين,https://www.parfumo.com/Perfumes/Al_Haramain/Detour_Noir,https://pimages.parfumo.de/240/120638_img-2385-al_haramain-detour_noir_240.jpg,8.2 1832
Pacific Rock Moss,Goldfield & Banks,https://www.parfumo.com/Perfumes/Goldfield__Banks/Pacific_Rock_Moss,https://pimages.parfumo.de/240/81632_img-8838-goldfield-banks-pacific-rock-moss_240.jpg,8.1 1882
Orange Flamingo,Marc Gebauer,https://www.parfumo.com/Perfumes/marc-gebauer/orange-flamingo,https://pimages.parfumo.de/240/151626_img-6839-marc-gebauer-orange-flamingo_240.jpg,8.0 2114
Rehab,Initio,https://www.parfumo.com/Perfumes/Initio/Rehab,https://pimages.parfumo.de/240/105353_img-5116-initio-rehab_240.jpg,8.3 1624
Musc Ravageur  Eau de Parfum,Editions de Parfums Frédéric Malle,https://www.parfumo.com/Perfumes/Editions_de_Parfum_Frederic_Malle/musc-ravageur-eau-de-parfum,https://pimages.parfumo.de/240/2093_img-3854-editions-de-parfums-frederic-malle-musc-ravageur_240.jpg,8.1 1935
Au Coeur du Désert,Tauer Perfumes,https://www.parfumo.com/Perfumes/Tauer/Au_Coeur_du_Desert,https://pimages.parfumo.de/240/79058_img-7340-tauer-perfumes-au-coeur-du-desert_240.jpg,8.5 1288
Baraonda  Extrait de Parfum,Nasomatto,https://www.parfumo.com/Perfumes/Nasomatto/Baraonda,https://pimages.parfumo.de/240/77582_img-6726-nasomatto-baraonda_extrait_de_parfum_240.jpg,8.5 1376
Fico di Amalfi,Acqua di Parma,https://www.parfumo.com/Perfumes/Acqua_di_Parma/fico-di-amalfi,https://pimages.parfumo.de/240/1902_img-2468-acqua_di_parma-blu_mediterraneo__fico_di_amalfi_240.jpg,8.2 1767
Musk Therapy  Extrait de Parfum,Initio,https://www.parfumo.com/Perfumes/Initio/musk-therapy-extrait-de-parfum,https://pimages.parfumo.de/240/148105_img-3107-initio-musk-therapy_240.jpg,8.2 1659
Bal d'Afrique  Eau de Parfum,Byredo,https://www.parfumo.com/Perfumes/Byredo/Bal_d_Afrique_Eau_de_Parfum,https://pimages.parfumo.de/240/4220_img-7317-byredo-bal-d-afrique-eau-de-parfum_240.jpg,8.1 1870
Oud Satin Mood  Extrait de Parfum,Maison Francis Kurkdjian,https://www.parfumo.com/Perfumes/Maison_Francis_Kurkdjian/Oud_Satin_Mood_Extrait_de_Parfum,https://pimages.parfumo.de/240/89518_img-5343-maison_francis_kurkdjian-oud_satin_mood_extrait_de_parfum_240.jpg,8.5 1315
Spiritueuse Double Vanille,Guerlain,https://www.parfumo.com/Perfumes/Guerlain/Spiritueuse_Double_Vanille,https://pimages.parfumo.de/240/3507_img-7522-guerlain-spiritueuse-double-vanille_240.jpg,8.5 1294
Tonka Impériale,Guerlain,https://www.parfumo.com/Perfumes/Guerlain/Tonka_Imperiale,https://pimages.parfumo.de/240/9893_img-5379-guerlain-tonka-imperiale_240.jpg,8.5 1290
Khaltat Night  Eau de Parfum,Attar Collection,https://www.parfumo.com/Perfumes/Attar_Collection/Khaltat_Night_Eau_de_Parfum,https://pimages.parfumo.de/240/73419_img-7166-attar-collection-khaltat-night-eau-de-parfum_240.jpg,8.6 1211
Royal Oud,Creed,https://www.parfumo.com/Perfumes/Creed/Royal_Oud,https://pimages.parfumo.de/240/12621_img-5674-creed-royal-oud_240.jpg,8.2 1586
Black Tie,Celine,https://www.parfumo.com/Perfumes/Celine/black-tie,https://pimages.parfumo.de/240/132612_img-6437-celine-celine-black-tie_240.jpg,8.6 1114
Kirkè  Extrait de Parfum,Tiziana Terenzi,https://www.parfumo.com/Perfumes/Tiziana_Terenzi/kirke-extrait-de-parfum,https://pimages.parfumo.de/240/65599_img-3998-tiziana-terenzi-kirke_240.jpg,7.7 2483
Renaissance,XerJoff,https://www.parfumo.com/Perfumes/Xerjoff/renaissance,https://pimages.parfumo.de/240/12010_img-9081-xerjoff-xj_1861_renaissance_240.jpg,8.0 1742
Red Tobacco,Mancera,https://www.parfumo.com/Perfumes/Mancera/Red_Tobacco,https://pimages.parfumo.de/240/97793_img-9285-mancera-red-tobacco_240.jpg,7.9 1905
Chergui  Eau de Parfum,Serge Lutens,https://www.parfumo.com/Perfumes/Serge_Lutens/chergui-eau-de-parfum,https://pimages.parfumo.de/240/743_img-4151-serge_lutens-chergui_240.jpg,8.1 1630
Malibù - Party in the Bay,Simone Andreoli,https://www.parfumo.com/Perfumes/Simone_Andreoli/malibu-party-in-the-bay,https://pimages.parfumo.de/240/107375_img-3174-simone-andreoli-malibu-party-in-the-bay_240.jpg,8.2 1463
Bois Impérial  Eau de Parfum,Essential Parfums,https://www.parfumo.com/Perfumes/Essential_Parfums/bois-imperial-eau-de-parfum-1,https://pimages.parfumo.de/240/146073_img-7266-essential-parfums-bois-imperial_240.jpg,8.1 1669
Amber Aoud  Parfum,Roja Parfums,https://www.parfumo.com/Perfumes/Roja_Parfums/Amber_Aoud,https://pimages.parfumo.de/240/19854_img-8961-roja-parfums-amber-aoud-parfum_240.jpg,8.5 1128
Isola Blu  Parfum,Roja Parfums,https://www.parfumo.com/Perfumes/Roja_Parfums/isola-blu-parfum-oligarch-parfum,https://pimages.parfumo.de/240/160177_img-3837-roja-parfums-isola-blu-parfum-oligarch-parfum_240.jpg,8.7 949
Noir de Noir  Eau de Parfum,Tom Ford,https://www.parfumo.com/Perfumes/Tom_Ford/Noir_de_Noir_Eau_de_Parfum,https://pimages.parfumo.de/240/3839_img-4943-tom_ford-noir_de_noir_eau_de_parfum_240.jpg,8.2 1450
17 Rosso,Roberto Ugolini,https://www.parfumo.com/Perfumes/Roberto_Ugolini/17-rosso,https://pimages.parfumo.de/240/130515_img-3414-roberto-ugolini-17-rosso_240.jpg,8.1 1557
Pacific Chill,Louis Vuitton,https://www.parfumo.com/Perfumes/Louis_Vuitton/pacific-chill,https://pimages.parfumo.de/240/208389_img-4442-louis-vuitton-pacific-chill_240.jpg,8.3 1320
Arabesque,The Merchant Of Venice,https://www.parfumo.com/Perfumes/The_Merchant_Of_Venice/Arabesque,https://pimages.parfumo.de/240/64210_ivzvf6_arabesque_240.jpg,8.4 1103
Mandarino di Amalfi  Eau de Parfum,Tom Ford,https://www.parfumo.com/Perfumes/Tom_Ford/Mandarino_di_Amalfi_Eau_de_Parfum,https://pimages.parfumo.de/240/46090_img-2758-tom-ford-mandarino-di-amalfi-eau-de-parfum_240.jpg,8.1 1383
Gris Charnel  Extrait,bdk Parfums,https://www.parfumo.com/Perfumes/bdk_Parfums/gris-charnel-extrait,https://pimages.parfumo.de/240/166507_img-7932-bdk-parfums-gris-charnel-extrait_240.jpg,8.5 1036
Sillage,Kinetic Perfumes,https://www.parfumo.com/Perfumes/kinetic-perfumes/sillage,https://pimages.parfumo.de/240/167850_img-1310-kinetic-perfumes-sillage_240.jpg,8.7 890
Ishq,Anfas,https://www.parfumo.com/Perfumes/Anfas/ishq,https://pimages.parfumo.de/240/121311_img-2625-anfas-ishq_240.jpg,8.5 1034
Pomelo Sorrento,Gritti,https://www.parfumo.com/Perfumes/Gritti/Pomelo_Sorrento,https://pimages.parfumo.de/240/86839_img-6075-gritti-pomelo_sorrento_240.jpg,8.3 1167
Molecule 01,Escentric Molecules,https://www.parfumo.com/Perfumes/Escentric_Molecules/Molecule_01,https://pimages.parfumo.de/240/4231_img-2361-escentric-molecules-molecule-01_240.jpg,7.6 2197
Cedrat Boise,Mancera,https://www.parfumo.com/Perfumes/Mancera/Cedrat_Boise,https://pimages.parfumo.de/240/19024_img-3410-mancera-cedrat-boise_240.jpg,7.8 1848
Wood Sage & Sea Salt  Cologne,Jo Malone,https://www.parfumo.com/Perfumes/Jo_Malone/Wood_Sage__Sea_Salt_Cologne,https://pimages.parfumo.de/240/46238_img-1386-jo_malone-wood_sage__sea_salt_cologne_240.jpg,8.1 1305
Richwood,XerJoff,https://www.parfumo.com/Perfumes/Xerjoff/richwood,https://pimages.parfumo.de/240/11301_img-7662-xerjoff-richwood_240.jpg,8.4 1021
Oud Maracujá,Maison Crivelli,https://www.parfumo.com/Perfumes/Maison_Crivelli/oud-maracuja,https://pimages.parfumo.de/240/204846_img-2426-maison-crivelli-oud-maracuja_240.jpg,8.3 1073
Le Vestiaire - Tuxedo,Yves Saint Laurent,https://www.parfumo.com/Perfumes/Yves_Saint_Laurent/Le_Vestiaire__Tuxedo,https://pimages.parfumo.de/240/64938_z32hpj_le_vestiaire__tuxedo_240.jpg,8.5 930
Opera,XerJoff,https://www.parfumo.com/Perfumes/Xerjoff/Opera,https://pimages.parfumo.de/240/42738_img-6615-xerjoff-opera_240.jpg,8.1 1346
African Leather  Eau de Parfum,Memo Paris,https://www.parfumo.com/Perfumes/memo-paris/african-leather-eau-de-parfum,https://pimages.parfumo.de/240/61571_img-5434-memo-cuirs_nomades__african_leather_240.jpg,8.3 1063
Coromandel  Eau de Parfum,Chanel,https://www.parfumo.com/Perfumes/Chanel/Les_Exclusifs_de_Chanel__Coromandel_Eau_de_Parfum,https://pimages.parfumo.de/240/80467_bxo33t_les_exclusifs_de_chanel__coromandel_eau_de_parfum_240.jpg,8.5 957
Bois d'Argent,Dior,https://www.parfumo.com/Perfumes/Dior/La_Collection_Couturier_Parfumeur_Bois_d_Argent,https://pimages.parfumo.de/240/2178_img-3508-dior_christian_dior-bois_d_argent_240.jpg,8.1 1312
Shaghaf Oud  Eau de Parfum,Swiss Arabian,https://www.parfumo.com/Perfumes/Swiss_Arabian/shaghaf-oud-eau-de-parfum,https://pimages.parfumo.de/240/85165_img-4659-swiss-arabian-shaghaf-oud_240.jpg,7.6 1951
Gris Dior  Eau de Parfum,Dior,https://www.parfumo.com/Perfumes/Dior/gris-dior-gris-montaigne-eau-de-parfum,https://pimages.parfumo.de/240/25175_img-2761-dior-christian-dior-gris-dior-gris-montaigne_240.jpg,8.0 1346
A Midsummer Dream,Roja Parfums,https://www.parfumo.com/Perfumes/Roja_Parfums/A_Midsummer_Dream,https://pimages.parfumo.de/240/75018_img-4587-roja_parfums-a_midsummer_dream_240.jpg,8.2 1120
Soleil Blanc  Eau de Parfum,Tom Ford,https://www.parfumo.com/Perfumes/Tom_Ford/Soleil_Blanc_Eau_de_Parfum,https://pimages.parfumo.de/240/68751_img-5638-tom-ford-soleil-blanc-eau-de-parfum_240.jpg,8.0 1346
Alexandria III,XerJoff,https://www.parfumo.com/Perfumes/Xerjoff/alexandria-iii,https://pimages.parfumo.de/240/123907_img-6126-xerjoff-alexandria-iii_240.jpg,8.6 837
Ambre Tabac  Eau de Parfum,Daniel Josier,https://www.parfumo.com/Perfumes/Daniel_Josier/ambre-tabac-eau-de-parfum,https://pimages.parfumo.de/240/58413_img-9569-daniel-josier-ambre-tabac_240.jpg,8.6 840
"5 - Floral, Amber, Sensual Musk  Eau de Parfum",Rosendo Mateu - Olfactive Expressions,https://www.parfumo.com/Perfumes/Rosendo_Mateu__Olfactive_Expressions/5-floral-amber-sensual-musk-eau-de-parfum,https://pimages.parfumo.de/240/92109_img-5495-rosendo_mateu__olfactive_expressions-5__floral_amber_sensual_musk_240.jpg,8.1 1272
Orchidée Vanille,Van Cleef & Arpels,https://www.parfumo.com/Perfumes/Van_Cleef_Arpels/orchidee-vanille,https://pimages.parfumo.de/240/4094_img-7016-van-cleef-arpels-collection-extraordinaire-orchidee-vanille_240.jpg,8.3 1046
Silver Mountain Water,Creed,https://www.parfumo.com/Perfumes/Creed/Silver_Mountain_Water,https://pimages.parfumo.de/240/2307_img-3776-creed-silver-mountain-water-eau-de-parfum_240.jpg,7.9 1510
Triumph of Bacchus  Eau de Parfum,Argos,https://www.parfumo.com/Perfumes/Argos/triumph-of-bacchus-eau-de-parfum,https://pimages.parfumo.de/240/134716_img-3643-argos-triumph-of-bacchus-eau-de-parfum_240.jpg,8.5 851
